[
 {
   "Student name": "James Walker",
   "Exam name": "Biology",
   "Exam date": "06/05/2016",
   "Exam points": 31
 },
 {
   "Student name": "Velma Clemons",
   "Exam name": "Biology",
   "Exam date": "06/05/2016",
   "Exam points": 43
 },
 {
   "Student name": "Kibo Underwood",
   "Exam name": "Biology",
   "Exam date": "06/05/2016",
   "Exam points": 81
 },
 {
   "Student name": "Louis Mcgee",
   "Exam name": "Biology",
   "Exam date": "06/05/2016",
   "Exam points": 11
 },
 {
   "Student name": "Phyllis Paul",
   "Exam name": "Biology",
   "Exam date": "06/05/2016",
   "Exam points": 18
 },
 {
   "Student name": "Zenaida Decker",
   "Exam name": "Biology",
   "Exam date": "06/05/2016",
   "Exam points": 55
 },
 {
   "Student name": "Gillian Tillman",
   "Exam name": "Biology",
   "Exam date": "06/05/2016",
   "Exam points": 38
 },
 {
   "Student name": "Constance Boone",
   "Exam name": "Biology",
   "Exam date": "06/05/2016",
   "Exam points": 16
 },
 {
   "Student name": "Giselle Lancaster",
   "Exam name": "Biology",
   "Exam date": "06/05/2016",
   "Exam points": 73
 },
 {
   "Student name": "Kirsten Mcdowell",
   "Exam name": "Biology",
   "Exam date": "06/05/2016",
   "Exam points": 16
 },
 {
   "Student name": "Solomon Ray",
   "Exam name": "Biology",
   "Exam date": "06/05/2016",
   "Exam points": 23
 },
 {
   "Student name": "John Marshall",
   "Exam name": "Biology",
   "Exam date": "06/05/2016",
   "Exam points": 55
 },
 {
   "Student name": "Merrill Carney",
   "Exam name": "Biology",
   "Exam date": "06/05/2016",
   "Exam points": 71
 },
 {
   "Student name": "Hakeem Gillespie",
   "Exam name": "Biology",
   "Exam date": "06/05/2016",
   "Exam points": 12
 },
 {
   "Student name": "Hayden Boyer",
   "Exam name": "Biology",
   "Exam date": "06/05/2016",
   "Exam points": 77
 },
 {
   "Student name": "Griffin Mcleod",
   "Exam name": "Biology",
   "Exam date": "06/05/2016",
   "Exam points": 19
 },
 {
   "Student name": "Allistair Patton",
   "Exam name": "Biology",
   "Exam date": "06/05/2016",
   "Exam points": 57
 },
 {
   "Student name": "Rina Slater",
   "Exam name": "Biology",
   "Exam date": "06/05/2016",
   "Exam points": 78
 },
 {
   "Student name": "Caldwell Skinner",
   "Exam name": "Biology",
   "Exam date": "06/05/2016",
   "Exam points": 92
 },
 {
   "Student name": "Portia Galloway",
   "Exam name": "Biology",
   "Exam date": "06/05/2016",
   "Exam points": 23
 },
 {
   "Student name": "Noelle Valentine",
   "Exam name": "Biology",
   "Exam date": "06/05/2016",
   "Exam points": 62
 },
 {
   "Student name": "Abel Clay",
   "Exam name": "Biology",
   "Exam date": "06/05/2016",
   "Exam points": 1
 },
 {
   "Student name": "Stephanie Kent",
   "Exam name": "Biology",
   "Exam date": "06/05/2016",
   "Exam points": 100
 },
 {
   "Student name": "Axel Petty",
   "Exam name": "Biology",
   "Exam date": "06/05/2016",
   "Exam points": 49
 },
 {
   "Student name": "Nevada Morales",
   "Exam name": "Biology",
   "Exam date": "06/05/2016",
   "Exam points": 41
 },
 {
   "Student name": "Fuller Bush",
   "Exam name": "Biology",
   "Exam date": "06/05/2016",
   "Exam points": 47
 },
 {
   "Student name": "Quinn Mayo",
   "Exam name": "Biology",
   "Exam date": "06/05/2016",
   "Exam points": 24
 },
 {
   "Student name": "Marcia Shepard",
   "Exam name": "Biology",
   "Exam date": "06/05/2016",
   "Exam points": 33
 },
 {
   "Student name": "Kieran Moody",
   "Exam name": "Biology",
   "Exam date": "06/05/2016",
   "Exam points": 45
 },
 {
   "Student name": "Brielle Thompson",
   "Exam name": "Biology",
   "Exam date": "06/05/2016",
   "Exam points": 41
 },
 {
   "Student name": "Hashim Gay",
   "Exam name": "Biology",
   "Exam date": "06/05/2016",
   "Exam points": 78
 },
 {
   "Student name": "Deborah Roberts",
   "Exam name": "Biology",
   "Exam date": "06/05/2016",
   "Exam points": 25
 },
 {
   "Student name": "Nomlanga Clarke",
   "Exam name": "Biology",
   "Exam date": "06/05/2016",
   "Exam points": 44
 },
 {
   "Student name": "Elaine Downs",
   "Exam name": "Biology",
   "Exam date": "06/05/2016",
   "Exam points": 86
 },
 {
   "Student name": "Christen Ballard",
   "Exam name": "Biology",
   "Exam date": "06/05/2016",
   "Exam points": 97
 },
 {
   "Student name": "Dacey Baxter",
   "Exam name": "Biology",
   "Exam date": "06/05/2016",
   "Exam points": 35
 },
 {
   "Student name": "Nasim Sampson",
   "Exam name": "Biology",
   "Exam date": "06/05/2016",
   "Exam points": 75
 },
 {
   "Student name": "Yoshi Sherman",
   "Exam name": "Biology",
   "Exam date": "06/05/2016",
   "Exam points": 48
 },
 {
   "Student name": "Veda Malone",
   "Exam name": "Chemistry",
   "Exam date": "06/15/2016",
   "Exam points": 52
 },
 {
   "Student name": "Scarlett Fisher",
   "Exam name": "Chemistry",
   "Exam date": "06/15/2016",
   "Exam points": 20
 },
 {
   "Student name": "Meredith Parsons",
   "Exam name": "Chemistry",
   "Exam date": "06/15/2016",
   "Exam points": 32
 },
 {
   "Student name": "Jerome Buckley",
   "Exam name": "Chemistry",
   "Exam date": "06/15/2016",
   "Exam points": 19
 },
 {
   "Student name": "Jacob Foreman",
   "Exam name": "Chemistry",
   "Exam date": "06/15/2016",
   "Exam points": 61
 },
 {
   "Student name": "Gisela Robertson",
   "Exam name": "Chemistry",
   "Exam date": "06/15/2016",
   "Exam points": 34
 },
 {
   "Student name": "Sylvia Kent",
   "Exam name": "Chemistry",
   "Exam date": "06/15/2016",
   "Exam points": 9
 },
 {
   "Student name": "Mercedes King",
   "Exam name": "Chemistry",
   "Exam date": "06/15/2016",
   "Exam points": 22
 },
 {
   "Student name": "Logan Madden",
   "Exam name": "Chemistry",
   "Exam date": "06/15/2016",
   "Exam points": 46
 },
 {
   "Student name": "Ryan Herman",
   "Exam name": "Chemistry",
   "Exam date": "06/15/2016",
   "Exam points": 100
 },
 {
   "Student name": "Cora Frazier",
   "Exam name": "Chemistry",
   "Exam date": "06/15/2016",
   "Exam points": 92
 },
 {
   "Student name": "Yolanda Carter",
   "Exam name": "Chemistry",
   "Exam date": "06/15/2016",
   "Exam points": 1
 },
 {
   "Student name": "Hadassah Lowe",
   "Exam name": "Chemistry",
   "Exam date": "06/15/2016",
   "Exam points": 84
 },
 {
   "Student name": "Ingrid Yang",
   "Exam name": "Chemistry",
   "Exam date": "06/15/2016",
   "Exam points": 63
 },
 {
   "Student name": "Trevor Spence",
   "Exam name": "Chemistry",
   "Exam date": "06/15/2016",
   "Exam points": 59
 },
 {
   "Student name": "Iola West",
   "Exam name": "Chemistry",
   "Exam date": "06/15/2016",
   "Exam points": 61
 },
 {
   "Student name": "Kitra Sparks",
   "Exam name": "Chemistry",
   "Exam date": "06/15/2016",
   "Exam points": 47
 },
 {
   "Student name": "Carly Bray",
   "Exam name": "Chemistry",
   "Exam date": "06/15/2016",
   "Exam points": 27
 },
 {
   "Student name": "Leilani Beard",
   "Exam name": "Chemistry",
   "Exam date": "06/15/2016",
   "Exam points": 99
 },
 {
   "Student name": "Cameron Bowen",
   "Exam name": "Chemistry",
   "Exam date": "06/15/2016",
   "Exam points": 84
 },
 {
   "Student name": "Hilda Oneill",
   "Exam name": "Chemistry",
   "Exam date": "06/15/2016",
   "Exam points": 95
 },
 {
   "Student name": "Ori Short",
   "Exam name": "Chemistry",
   "Exam date": "06/15/2016",
   "Exam points": 50
 },
 {
   "Student name": "Xandra Cardenas",
   "Exam name": "Chemistry",
   "Exam date": "06/15/2016",
   "Exam points": 27
 },
 {
   "Student name": "Audrey Todd",
   "Exam name": "Chemistry",
   "Exam date": "06/15/2016",
   "Exam points": 39
 },
 {
   "Student name": "Ferdinand Lloyd",
   "Exam name": "Chemistry",
   "Exam date": "06/15/2016",
   "Exam points": 71
 },
 {
   "Student name": "Kareem Mcdowell",
   "Exam name": "Chemistry",
   "Exam date": "06/15/2016",
   "Exam points": 83
 },
 {
   "Student name": "Aaron Giles",
   "Exam name": "Chemistry",
   "Exam date": "06/15/2016",
   "Exam points": 38
 },
 {
   "Student name": "Keefe Schneider",
   "Exam name": "Mathematics",
   "Exam date": "07/29/2016",
   "Exam points": 48
 },
 {
   "Student name": "Kasper Ballard",
   "Exam name": "Mathematics",
   "Exam date": "07/29/2016",
   "Exam points": 5
 },
 {
   "Student name": "Maris Turner",
   "Exam name": "Mathematics",
   "Exam date": "07/29/2016",
   "Exam points": 7
 },
 {
   "Student name": "Ava Robertson",
   "Exam name": "Mathematics",
   "Exam date": "07/29/2016",
   "Exam points": 70
 },
 {
   "Student name": "Gillian Benton",
   "Exam name": "Mathematics",
   "Exam date": "07/29/2016",
   "Exam points": 73
 },
 {
   "Student name": "Dora Landry",
   "Exam name": "Mathematics",
   "Exam date": "07/29/2016",
   "Exam points": 59
 },
 {
   "Student name": "Aimee Eaton",
   "Exam name": "Mathematics",
   "Exam date": "07/29/2016",
   "Exam points": 23
 },
 {
   "Student name": "Iola Sutton",
   "Exam name": "Mathematics",
   "Exam date": "07/29/2016",
   "Exam points": 72
 },
 {
   "Student name": "Jana Reed",
   "Exam name": "Mathematics",
   "Exam date": "07/29/2016",
   "Exam points": 31
 },
 {
   "Student name": "Alfonso Love",
   "Exam name": "Mathematics",
   "Exam date": "07/29/2016",
   "Exam points": 74
 },
 {
   "Student name": "Ciaran Mosley",
   "Exam name": "Mathematics",
   "Exam date": "07/29/2016",
   "Exam points": 91
 },
 {
   "Student name": "Justin Evans",
   "Exam name": "Mathematics",
   "Exam date": "07/29/2016",
   "Exam points": 53
 },
 {
   "Student name": "Ryder Combs",
   "Exam name": "Mathematics",
   "Exam date": "07/29/2016",
   "Exam points": 56
 },
 {
   "Student name": "Nelle Skinner",
   "Exam name": "Mathematics",
   "Exam date": "07/29/2016",
   "Exam points": 53
 },
 {
   "Student name": "Jakeem Rivera",
   "Exam name": "Mathematics",
   "Exam date": "07/29/2016",
   "Exam points": 100
 },
 {
   "Student name": "Hyatt Long",
   "Exam name": "Mathematics",
   "Exam date": "07/29/2016",
   "Exam points": 50
 },
 {
   "Student name": "Tanisha Stanton",
   "Exam name": "Mathematics",
   "Exam date": "07/29/2016",
   "Exam points": 60
 },
 {
   "Student name": "Alec Pittman",
   "Exam name": "Mathematics",
   "Exam date": "07/29/2016",
   "Exam points": 38
 },
 {
   "Student name": "Octavia Ashley",
   "Exam name": "Mathematics",
   "Exam date": "07/29/2016",
   "Exam points": 33
 },
 {
   "Student name": "Curran Merrill",
   "Exam name": "Mathematics",
   "Exam date": "07/29/2016",
   "Exam points": 75
 },
 {
   "Student name": "Laith Gibbs",
   "Exam name": "Mathematics",
   "Exam date": "07/29/2016",
   "Exam points": 74
 },
 {
   "Student name": "Walter Skinner",
   "Exam name": "Mathematics",
   "Exam date": "07/29/2016",
   "Exam points": 7
 },
 {
   "Student name": "Burke Horn",
   "Exam name": "Mathematics",
   "Exam date": "07/29/2016",
   "Exam points": 6
 },
 {
   "Student name": "Alexander Walton",
   "Exam name": "Mathematics",
   "Exam date": "07/29/2016",
   "Exam points": 40
 },
 {
   "Student name": "Cally Wilkinson",
   "Exam name": "Mathematics",
   "Exam date": "07/29/2016",
   "Exam points": 14
 },
 {
   "Student name": "Gary Mcintosh",
   "Exam name": "Mathematics",
   "Exam date": "07/29/2016",
   "Exam points": 16
 },
 {
   "Student name": "Jacob Greer",
   "Exam name": "Mathematics",
   "Exam date": "07/29/2016",
   "Exam points": 31
 },
 {
   "Student name": "Fitzgerald Mueller",
   "Exam name": "Mathematics",
   "Exam date": "07/29/2016",
   "Exam points": 72
 },
 {
   "Student name": "Claire Roberts",
   "Exam name": "Mathematics",
   "Exam date": "07/29/2016",
   "Exam points": 48
 },
 {
   "Student name": "Kuame Harrell",
   "Exam name": "Mathematics",
   "Exam date": "07/29/2016",
   "Exam points": 53
 },
 {
   "Student name": "Kaseem Hurst",
   "Exam name": "Mathematics",
   "Exam date": "07/29/2016",
   "Exam points": 67
 },
 {
   "Student name": "Irene Witt",
   "Exam name": "Mathematics",
   "Exam date": "07/29/2016",
   "Exam points": 23
 },
 {
   "Student name": "Courtney Nash",
   "Exam name": "Mathematics",
   "Exam date": "07/29/2016",
   "Exam points": 90
 },
 {
   "Student name": "Lane Torres",
   "Exam name": "Mathematics",
   "Exam date": "07/29/2016",
   "Exam points": 87
 },
 {
   "Student name": "Jonas Vinson",
   "Exam name": "Mathematics",
   "Exam date": "07/29/2016",
   "Exam points": 40
 }
]