[
  {
    "Student name": "علی آریان‌پور",
    "Exam name": "زیست",
    "Exam date": "05/06/2016",
    "Exam points": 31
  },
  {
    "Student name": "ویدا تابش",
    "Exam name": "زیست",
    "Exam date": "05/06/2016",
    "Exam points": 43
  },
  {
    "Student name": "کتایون زارع",
    "Exam name": "زیست",
    "Exam date": "05/06/2016",
    "Exam points": 81
  },
  {
    "Student name": "لیلا ساعی",
    "Exam name": "زیست",
    "Exam date": "05/06/2016",
    "Exam points": 11
  },
  {
    "Student name": "پرویز تهرانی",
    "Exam name": "زیست",
    "Exam date": "05/06/2016",
    "Exam points": 18
  },
  {
    "Student name": "زهرا زمردیان",
    "Exam name": "زیست",
    "Exam date": "05/06/2016",
    "Exam points": 55
  },
  {
    "Student name": "گیو جعفریان",
    "Exam name": "زیست",
    "Exam date": "05/06/2016",
    "Exam points": 38
  },
  {
    "Student name": "سارا سرشار",
    "Exam name": "زیست",
    "Exam date": "05/06/2016",
    "Exam points": 16
  },
  {
    "Student name": "گلایل حجتی",
    "Exam name": "زیست",
    "Exam date": "05/06/2016",
    "Exam points": 73
  },
  {
    "Student name": "کیان خاتمی",
    "Exam name": "زیست",
    "Exam date": "05/06/2016",
    "Exam points": 16
  },
  {
    "Student name": "سلما صانعی",
    "Exam name": "زیست",
    "Exam date": "05/06/2016",
    "Exam points": 23
  },
  {
    "Student name": "جمشید خراسانی",
    "Exam name": "زیست",
    "Exam date": "05/06/2016",
    "Exam points": 55
  },
  {
    "Student name": "مریم بختیاری",
    "Exam name": "زیست",
    "Exam date": "05/06/2016",
    "Exam points": 71
  },
  {
    "Student name": "حکیم دانایی‌فر",
    "Exam name": "زیست",
    "Exam date": "05/06/2016",
    "Exam points": 12
  },
  {
    "Student name": "هایده بیگی",
    "Exam name": "زیست",
    "Exam date": "05/06/2016",
    "Exam points": 77
  },
  {
    "Student name": "مریم رحماندوست",
    "Exam name": "زیست",
    "Exam date": "05/06/2016",
    "Exam points": 19
  },
  {
    "Student name": "عباس کوشکی",
    "Exam name": "زیست",
    "Exam date": "05/06/2016",
    "Exam points": 57
  },
  {
    "Student name": "رینا غضنفری",
    "Exam name": "زیست",
    "Exam date": "05/06/2016",
    "Exam points": 78
  },
  {
    "Student name": "کاوه گلپایگانی",
    "Exam name": "زیست",
    "Exam date": "05/06/2016",
    "Exam points": 92
  },
  {
    "Student name": "پوریا لاچینی",
    "Exam name": "زیست",
    "Exam date": "05/06/2016",
    "Exam points": 23
  },
  {
    "Student name": "ناهید فاطمی",
    "Exam name": "زیست",
    "Exam date": "05/06/2016",
    "Exam points": 62
  },
  {
    "Student name": "عبد الله مجتهد شبستری",
    "Exam name": "زیست",
    "Exam date": "05/06/2016",
    "Exam points": 1
  },
  {
    "Student name": "سپیده نیشابوری",
    "Exam name": "زیست",
    "Exam date": "05/06/2016",
    "Exam points": 100
  },
  {
    "Student name": "احمد واعظی",
    "Exam name": "زیست",
    "Exam date": "05/06/2016",
    "Exam points": 49
  },
  {
    "Student name": "نوید هاشمیان",
    "Exam name": "زیست",
    "Exam date": "05/06/2016",
    "Exam points": 41
  },
  {
    "Student name": "فلورا هوشیار",
    "Exam name": "زیست",
    "Exam date": "05/06/2016",
    "Exam points": 47
  },
  {
    "Student name": "قنبر مفتاح",
    "Exam name": "زیست",
    "Exam date": "05/06/2016",
    "Exam points": 24
  },
  {
    "Student name": "مریم ضرغامی",
    "Exam name": "زیست",
    "Exam date": "05/06/2016",
    "Exam points": 33
  },
  {
    "Student name": "کارن هوشیار",
    "Exam name": "زیست",
    "Exam date": "05/06/2016",
    "Exam points": 45
  },
  {
    "Student name": "بهزاد وکیلی",
    "Exam name": "زیست",
    "Exam date": "05/06/2016",
    "Exam points": 41
  },
  {
    "Student name": "هاشم مجتبایی",
    "Exam name": "زیست",
    "Exam date": "05/06/2016",
    "Exam points": 78
  },
  {
    "Student name": "داور فنایی",
    "Exam name": "زیست",
    "Exam date": "05/06/2016",
    "Exam points": 25
  },
  {
    "Student name": "نعمت لنکرانی",
    "Exam name": "زیست",
    "Exam date": "05/06/2016",
    "Exam points": 44
  },
  {
    "Student name": "الهه نقیب‌زاده",
    "Exam name": "زیست",
    "Exam date": "05/06/2016",
    "Exam points": 86
  },
  {
    "Student name": "کیا گنجی",
    "Exam name": "زیست",
    "Exam date": "05/06/2016",
    "Exam points": 97
  },
  {
    "Student name": "دنیا علی عسگری",
    "Exam name": "زیست",
    "Exam date": "05/06/2016",
    "Exam points": 35
  },
  {
    "Student name": "نسیم فانی",
    "Exam name": "زیست",
    "Exam date": "05/06/2016",
    "Exam points": 75
  },
  {
    "Student name": "یونس مجتبوی",
    "Exam name": "زیست",
    "Exam date": "05/06/2016",
    "Exam points": 48
  },
  {
    "Student name": "ویدا فرشیدورد",
    "Exam name": "شیمی",
    "Exam date": "06/15/2016",
    "Exam points": 52
  },
  {
    "Student name": "سروناز پناهیان",
    "Exam name": "شیمی",
    "Exam date": "06/15/2016",
    "Exam points": 20
  },
  {
    "Student name": "مهری رنجبر",
    "Exam name": "شیمی",
    "Exam date": "06/15/2016",
    "Exam points": 32
  },
  {
    "Student name": "جواد عزیزی",
    "Exam name": "شیمی",
    "Exam date": "06/15/2016",
    "Exam points": 19
  },
  {
    "Student name": "صادق عصار",
    "Exam name": "شیمی",
    "Exam date": "06/15/2016",
    "Exam points": 61
  },
  {
    "Student name": "محمد راوندی",
    "Exam name": "شیمی",
    "Exam date": "06/15/2016",
    "Exam points": 34
  },
  {
    "Student name": "امید دهقان",
    "Exam name": "شیمی",
    "Exam date": "06/15/2016",
    "Exam points": 9
  },
  {
    "Student name": "مرسدس طباطبائی",
    "Exam name": "شیمی",
    "Exam date": "06/15/2016",
    "Exam points": 22
  },
  {
    "Student name": "لادن بهاور",
    "Exam name": "شیمی",
    "Exam date": "06/15/2016",
    "Exam points": 46
  },
  {
    "Student name": "ریحانه داودی",
    "Exam name": "شیمی",
    "Exam date": "06/15/2016",
    "Exam points": 100
  },
  {
    "Student name": "کبری صدیقی",
    "Exam name": "شیمی",
    "Exam date": "06/15/2016",
    "Exam points": 92
  },
  {
    "Student name": "یلدا خمسه",
    "Exam name": "شیمی",
    "Exam date": "06/15/2016",
    "Exam points": 1
  },
  {
    "Student name": "حسن خدایی",
    "Exam name": "شیمی",
    "Exam date": "06/15/2016",
    "Exam points": 84
  },
  {
    "Student name": "ایمان شیرازی",
    "Exam name": "شیمی",
    "Exam date": "06/15/2016",
    "Exam points": 63
  },
  {
    "Student name": "تهمینه شهیدی",
    "Exam name": "شیمی",
    "Exam date": "06/15/2016",
    "Exam points": 59
  },
  {
    "Student name": "ایمان انتظامی",
    "Exam name": "شیمی",
    "Exam date": "06/15/2016",
    "Exam points": 61
  },
  {
    "Student name": "کتایون خداپناهی",
    "Exam name": "شیمی",
    "Exam date": "06/15/2016",
    "Exam points": 47
  },
  {
    "Student name": "رویا شریفیان",
    "Exam name": "شیمی",
    "Exam date": "06/15/2016",
    "Exam points": 27
  },
  {
    "Student name": "لیلا عبادی",
    "Exam name": "شیمی",
    "Exam date": "06/15/2016",
    "Exam points": 99
  },
  {
    "Student name": "کامبیز رستمی",
    "Exam name": "شیمی",
    "Exam date": "06/15/2016",
    "Exam points": 84
  },
  {
    "Student name": "هیلدا عبدالملکی",
    "Exam name": "شیمی",
    "Exam date": "06/15/2016",
    "Exam points": 95
  },
  {
    "Student name": "امید عاشوری",
    "Exam name": "شیمی",
    "Exam date": "06/15/2016",
    "Exam points": 50
  },
  {
    "Student name": "زانیار کهنمویی",
    "Exam name": "شیمی",
    "Exam date": "06/15/2016",
    "Exam points": 27
  },
  {
    "Student name": "انوشه لاچینی",
    "Exam name": "شیمی",
    "Exam date": "06/15/2016",
    "Exam points": 39
  },
  {
    "Student name": "فریدون مجتبوی",
    "Exam name": "شیمی",
    "Exam date": "06/15/2016",
    "Exam points": 71
  },
  {
    "Student name": "کریم محجوب",
    "Exam name": "شیمی",
    "Exam date": "06/15/2016",
    "Exam points": 83
  },
  {
    "Student name": "امیر نوبختی",
    "Exam name": "شیمی",
    "Exam date": "06/15/2016",
    "Exam points": 38
  },
  {
    "Student name": "علی واثقی",
    "Exam name": "ریاضی",
    "Exam date": "07/29/2016",
    "Exam points": 48
  },
  {
    "Student name": "فتاح فرامرزی",
    "Exam name": "ریاضی",
    "Exam date": "07/29/2016",
    "Exam points": 5
  },
  {
    "Student name": "ماری قاضی",
    "Exam name": "ریاضی",
    "Exam date": "07/29/2016",
    "Exam points": 7
  },
  {
    "Student name": "آوا مرتضوی",
    "Exam name": "ریاضی",
    "Exam date": "07/29/2016",
    "Exam points": 70
  },
  {
    "Student name": "مجید هامون",
    "Exam name": "ریاضی",
    "Exam date": "07/29/2016",
    "Exam points": 73
  },
  {
    "Student name": "دارا قنبری",
    "Exam name": "ریاضی",
    "Exam date": "07/29/2016",
    "Exam points": 59
  },
  {
    "Student name": "امین مصباح",
    "Exam name": "ریاضی",
    "Exam date": "07/29/2016",
    "Exam points": 23
  },
  {
    "Student name": "ایمان هروی",
    "Exam name": "ریاضی",
    "Exam date": "07/29/2016",
    "Exam points": 72
  },
  {
    "Student name": "جنت کاکاوند",
    "Exam name": "ریاضی",
    "Exam date": "07/29/2016",
    "Exam points": 31
  },
  {
    "Student name": "افسانه معین",
    "Exam name": "ریاضی",
    "Exam date": "07/29/2016",
    "Exam points": 74
  },
  {
    "Student name": "حمید همدانی",
    "Exam name": "ریاضی",
    "Exam date": "07/29/2016",
    "Exam points": 91
  },
  {
    "Student name": "جلال کدیور",
    "Exam name": "ریاضی",
    "Exam date": "07/29/2016",
    "Exam points": 53
  },
  {
    "Student name": "قاسم ملایری",
    "Exam name": "ریاضی",
    "Exam date": "07/29/2016",
    "Exam points": 56
  },
  {
    "Student name": "نوید یاحقی",
    "Exam name": "ریاضی",
    "Exam date": "07/29/2016",
    "Exam points": 53
  },
  {
    "Student name": "جمیل کریمی",
    "Exam name": "ریاضی",
    "Exam date": "07/29/2016",
    "Exam points": 100
  },
  {
    "Student name": "همت موحد",
    "Exam name": "ریاضی",
    "Exam date": "07/29/2016",
    "Exam points": 50
  },
  {
    "Student name": "تینا یثربی",
    "Exam name": "ریاضی",
    "Exam date": "07/29/2016",
    "Exam points": 60
  },
  {
    "Student name": "عادل آشتیانی",
    "Exam name": "ریاضی",
    "Exam date": "07/29/2016",
    "Exam points": 38
  },
  {
    "Student name": "علی توسلی",
    "Exam name": "ریاضی",
    "Exam date": "07/29/2016",
    "Exam points": 33
  },
  {
    "Student name": "مجتبی زمردیان",
    "Exam name": "ریاضی",
    "Exam date": "07/29/2016",
    "Exam points": 75
  },
  {
    "Student name": "لیلی ابطحی",
    "Exam name": "ریاضی",
    "Exam date": "07/29/2016",
    "Exam points": 74
  },
  {
    "Student name": "فرهنگ ثابتی",
    "Exam name": "ریاضی",
    "Exam date": "07/29/2016",
    "Exam points": 7
  },
  {
    "Student name": "مجید ستاری",
    "Exam name": "ریاضی",
    "Exam date": "07/29/2016",
    "Exam points": 6
  },
  {
    "Student name": "وحید استادی",
    "Exam name": "ریاضی",
    "Exam date": "07/29/2016",
    "Exam points": 40
  },
  {
    "Student name": "کیوان جهانگیری",
    "Exam name": "ریاضی",
    "Exam date": "07/29/2016",
    "Exam points": 14
  },
  {
    "Student name": "سارا سروستانی",
    "Exam name": "ریاضی",
    "Exam date": "07/29/2016",
    "Exam points": 16
  },
  {
    "Student name": "مینا چگنی",
    "Exam name": "ریاضی",
    "Exam date": "07/29/2016",
    "Exam points": 31
  },
  {
    "Student name": "الهام حسابی",
    "Exam name": "ریاضی",
    "Exam date": "07/29/2016",
    "Exam points": 72
  },
  {
    "Student name": "محمدرضا شبستری",
    "Exam name": "ریاضی",
    "Exam date": "07/29/2016",
    "Exam points": 48
  },
  {
    "Student name": "فرشاد حقیقی",
    "Exam name": "ریاضی",
    "Exam date": "04/29/2016",
    "Exam points": 53
  },
  {
    "Student name": "روح الله شریعتمداری",
    "Exam name": "ریاضی",
    "Exam date": "04/29/2016",
    "Exam points": 67
  },
  {
    "Student name": "سهند خرم‌آبادی",
    "Exam name": "ریاضی",
    "Exam date": "05/29/2016",
    "Exam points": 23
  },
  {
    "Student name": "امید بهشتی",
    "Exam name": "ریاضی",
    "Exam date": "05/29/2016",
    "Exam points": 90
  },
  {
    "Student name": "لاله دستغیب",
    "Exam name": "ریاضی",
    "Exam date": "06/29/2016",
    "Exam points": 87
  },
  {
    "Student name": "محمد ظریف",
    "Exam name": "ریاضی",
    "Exam date": "06/29/2016",
    "Exam points": 40
  }
]